rho_fine_dominated_above,rho_coarse_dominated_above
16.11254929385724,26.385993122367505
18.06872103156779,21.845980331543338
16.761228768692114,26.748333564576523
17.14405573443064,24.03978107305859
17.510421518094674,23.33858396699597
16.04153715688472,26.95763056628201
16.645457425214367,24.862136830678555
17.024770682889898,24.332433841109662
16.180235532557496,26.05336666472764
17.82159314211752,22.95845789207593
17.75486225618852,23.190759959439966
17.701772966340155,23.058995454290706
17.268739780882136,27.68025760827964
17.109639853151513,24.109257796395628
17.13146365503727,23.552035939170086
19.20739835154215,21.24690614100713
15.98739386853254,25.081796752666566
17.595242297246216,22.871128197753002
16.694592106630324,26.245026604966828
17.955707797317427,22.798408309559512
16.7889187020891,22.43865671163039
16.407637803703945,24.533752015826753
17.114980098745306,23.24390439408254
18.5471961198313,22.935638739561092
17.77935979665043,24.34605940317336
16.207702991466,24.52869824076109
16.285461473060902,24.963734298173126
16.57221940735771,24.85026298731604
18.304320062639544,23.397563285230387
17.28504215925505,22.647347345644103
18.017462736150982,24.121406356512157
18.905077121612287,22.319718569279832
17.4342276729092,24.258352705370555
16.608258323886997,27.415831270707656
16.701520756832547,29.05918098242315
16.016544043920216,25.726028975985876
18.078404912993562,21.79471819700137
18.292247065619843,23.16824741472373
17.427129500275115,23.773377771681822
17.419431710641632,22.870679307244483
16.720881992619503,24.215406563756826
16.93996226894144,26.44380073252466
16.023112606732465,25.64848849939083
19.713849741211575,20.643223221751047
19.569134258356506,20.67896838661497
17.652591330875293,25.645035285059734
16.299615084913736,25.604391176401712
18.454378743788592,20.790925159505917
17.283209749164655,25.595987732993464
16.53956022593647,26.181997712169615
17.96269212505457,22.25218108909914
17.514484022666373,24.988995138848328
17.411134226474616,24.207660154485204
16.254711035374058,29.155451465285115
16.53659707177696,23.959738574056964
16.543257571917252,25.405097485384506
17.47860251963704,25.966069961060608
16.18333470562838,24.19651148419096
15.715059490295612,24.497891157042183
16.461585460950076,24.929233604803983
17.74998824728899,23.794116946991604
16.837443341521272,24.241663326215267
16.439160887862798,26.11100361138552
16.810155424926815,26.30520971074696
18.95723726858001,22.303135663298082
16.69246554786882,26.02462465238368
17.182740923575214,25.130384140636668
18.146575293438836,21.267782632695923
17.224882796044238,25.003956256735396
16.812864631599332,23.999972096505278
17.497024285635465,24.440663529979272
17.445529327429877,24.372999773268432
16.569813783115883,24.314253803117143
18.578105463226432,22.529222310150264
17.04805483856448,25.15261334724953
16.565820054673463,25.00158603344299
17.02686042545668,24.43804963563776
15.291040395937136,28.778892531315943
16.520453995097398,24.277365884900913
15.43217576477996,25.52624346498484
17.40406039236922,25.981915180801447
17.842346799536305,25.900639570000553
17.03777090929449,24.15820889733505
17.08475758442413,25.951473434261427
18.608164344824818,20.729465896770925
16.903884144528075,25.087071980757102
16.396379441680686,26.18035762195569
16.701467504616968,21.45396431937716
18.071077332182647,20.73176468013581
18.568672435790727,25.135062344395678
17.352392827030343,22.82307776982868
16.826287922224296,24.631151950681705
18.401563847530202,22.713539036311825
15.924919959465383,24.4038991506715
18.684655776564114,23.18478249777723
19.202467391436116,22.78217701068248
17.72787272425474,22.699297153426095
19.000854647538986,20.588780892208337
16.748520985389202,24.543721343322364
18.523612492608184,21.635316163420747
17.122535120500842,23.376705618907504
18.45796531775878,23.98202855799952
16.966756739379612,26.02684605346649
16.384204714964756,23.370547465003856
16.700913032938708,25.045706610577348
17.628718590615886,23.608314775619675
16.073460992963266,26.025693738716086
16.524652855783337,24.164656375208082
17.118387836967596,26.375758091180973
20.161456304377115,21.342969033883538
17.403630482279784,24.594318415141785
16.722996884646513,23.564446912969846
17.426902472920727,24.09363605524321
16.55730284601798,25.208118940293563
18.16608001712384,22.977989958454994
16.516767465215867,24.40430617023399
16.461896617876732,25.498461719508004
16.460587373013247,24.77111478179934
17.593036741875036,22.05411777707499
16.60368825832363,26.018357318063835
19.738266281018113,22.51172265182605
17.363328600374885,23.49275315636178
17.103377328611483,23.888925623222033
16.61604314273518,24.341221161284544
16.007833806777963,28.06715621853607
18.11971384467483,24.018100525022408
15.876003794634165,26.15971527085386
17.474161292707247,24.87519400372308
15.335506242357935,27.207363457034653
17.29371088289952,24.820213751954
17.081664570828202,23.80613048014263
15.61693559284495,28.798462609275507
16.941536475103845,27.09021268823858
17.68749828961621,25.33710829980208
15.407880114931302,24.981782601213812
17.365945111452568,23.247879390801177
17.184066267519214,23.329978045582003
15.935821922532336,28.288544276039627
17.221454352264885,24.25492758739521
16.534306904488517,23.884030784023384
16.450455374263257,24.758839692207058
16.377571601680998,26.765226822620924
15.974633484721632,27.01609680145198
16.403962253025302,25.26160776820757
18.625663197748636,21.67974791793104
17.219321608861176,25.667207237538825
16.13178392428727,28.143880139670333
17.650101691328228,24.425688441421155
17.937167883860514,23.379661549331143
17.628126147155363,24.38458373452356
17.728560048792055,21.911906597634797
17.89716629048472,21.11482967579948
17.955860899841174,23.72749458513799
18.344882242177974,21.483354958523584
17.042133850750858,25.78935512671795
17.155308561778902,22.988249764239544
19.01288804140226,22.275288467176544
17.81546794464516,24.510012788435006
17.312816266150197,24.679343078864008
17.805884920493412,23.499372905690908
16.304234355784413,24.857831403811357
15.879968705998209,28.2379566168839
17.813583168042836,22.94908046039211
16.58798589388333,22.60854208073971
16.15676817338523,27.328144237879552
16.684643388176074,23.785899522570606
17.091875062292264,22.544545599854953
17.575402977656918,22.70505233801838
18.35404076124801,23.445537598913408
17.89119505666569,25.159229116413552
16.83955097329575,25.11274454072424
18.077308218177034,20.94417618296865
16.80833412362655,28.046323937667193
17.667548497509628,24.06956181723253
16.97690097722138,23.927653893015446
18.004039003639534,24.392314351628716
16.744405364333016,23.940683117849357
17.477006729576885,23.18484890831492
16.39913760903057,27.039218606709518
18.93717990465712,21.786591424617907
16.295324191031494,25.841482676101208
18.204144116152843,22.843727162153222
19.6698044736694,22.01080256511932
16.574750689154225,23.961871583293743
18.91324264650806,21.82632931650455
16.01663661998708,25.60705766367248
18.255754710123384,21.566368894972495
18.778236162292966,23.350571827954553
17.07842686108633,25.03764399243202
17.040152056259043,23.627976852362355
17.509560350074967,24.650369338222973
17.603346868856953,25.697451137895143
18.468492328846775,21.85781763992482
15.728476326747177,29.13261540104275
16.194237236400422,26.4633121356344
17.66225718676611,23.152636537877214
15.949415377499523,24.44604449171922
17.616998116165515,23.182916096706155
16.122918018304812,28.061774241989855
18.10694184817844,23.561617402929134
18.624080070084958,22.877062214445797
17.274771466212812,24.52870732084767
16.35202660451806,24.59216297047978
17.039697973098203,25.97980921641243
17.87196028896653,21.531836320989434
16.79387617094286,24.257295575243017
16.43686595697689,25.51088565257353
16.693781570625053,24.907457655471035
17.347720578799617,23.092305983862968
17.548940114312764,25.144192400851892
16.468790791406953,26.705695712960903
17.90529515620791,24.87652767066039
16.4078930758281,24.88585674893754
17.106532031699654,22.911304576379628
15.31010335363804,27.910639261770292
18.028238411083645,22.396261773708193
16.96927394675457,24.08410276026794
16.094879052103273,23.368561560347043
19.135620126104776,21.94519762185165
15.655535725881965,26.521620907931222
17.580367266189167,24.48571046236506
18.106720511217446,24.060218084833163
15.535736368343922,27.82293462511907
16.670681376093818,25.16387368915632
16.71171825686382,26.501849825289824
16.348505103599376,24.950202093148526
16.424718178583856,25.14480976165111
18.045034864669397,22.794216520370334
15.702345974700433,25.93103786990659
17.12610498891853,24.320868931761698
17.55122921894218,20.970086718910167
16.50961208602232,25.967902088140523
18.219772161389567,21.551350877930577
19.157089122843114,23.03664026474503
19.190645046260357,23.014213912049723
16.21951269774103,23.93623540202948
17.85669337399758,20.591474157957336
19.236912873854088,22.686622172295944
15.562886795873679,27.915550500362983
16.327556459208683,24.710376412725
17.90331509641321,22.955539517172635
17.003153721340194,25.542008793456446
17.157685985351684,25.16187908737119
16.94908520048952,24.690031428979214
16.3447604248485,25.411635570195607
17.478629988804414,23.824846097033323
15.441337230795257,25.474496369592075
16.820618147867386,22.153221939013893
16.533532320638585,24.79028407206555
17.76493996996163,24.339346871798593
15.771515905668535,28.514977550097825
15.972337083842518,27.04240738578042
16.54817295928794,25.757820896759707
16.717031872891937,27.323122976747147
16.304626111442587,23.676897309204737
18.485966739198258,23.851591804594648
16.751579298481456,24.57155626696203
16.274054937342832,24.84670713164456
17.51229379640571,25.343344081936433
17.950694569015468,22.37007383696701
18.04575399137487,23.752092345700014
17.846445842808336,23.201936774166455
16.964321560588008,24.75132721129183
14.805985792345709,28.457964396941158
16.485001553991076,24.40494587687405
15.320853570910415,24.47222885983638
17.802016519261972,24.09095928413364
16.470634590159317,24.464721982213604
17.460289266205073,25.370881049223243
16.45582641849129,24.994802859063583
15.830016566950464,25.51564197648275
17.453461272071422,24.844884521470377
17.216892859670402,26.609012747645608
16.146596731314858,27.206261971005176
16.889977818266797,23.396762101985253
18.17204575428666,22.61589032934311
16.083799675536255,25.063347066330323
16.801887001143953,25.680983585882586
18.535808821981746,22.204205661554962
18.22378346446294,25.198291513664653
16.974306985571396,24.860405309242424
17.53458210722656,22.549258411811483
16.21282873780752,25.028033997642083
16.496635863173267,25.57223033656861
16.538936058512803,24.15123919807611
18.35985594211131,22.84936516501694
15.50778191265119,25.992507270934873
15.408849542599791,26.710726052218895
17.605073881665724,22.021483741075745
17.680702603287866,22.68674331066715
18.81099173587568,22.232038015741225
15.839908842534452,24.363337485488206
16.983973255294895,25.373957812300482
16.43684471322509,25.42245429070643
16.99200077926451,25.77553000175059
16.515660025269653,27.791453667632393
15.910505268030793,24.501352315350974
17.611383144985634,26.840020226913406
15.524341906562647,26.612026791294895
17.711027352238748,23.565075377634916
18.003214463140633,22.749130471856578
16.6229856944611,24.766115343930327
16.267995974169544,24.245685287140716
15.793059338348048,27.199307699451744
16.113781668328837,25.16196092985597
16.438046838800133,26.12086391578126
17.302918877698747,23.113998054074234
17.610209209668753,24.52965088117962
18.2213506684117,21.225063896915024
15.794149097674618,23.738058587915166
16.70633190705319,26.088626521515597
15.268593295906708,28.206114192691004
15.399263784630271,28.814826430993836
17.338890704171355,24.505736745302883
17.18784032020241,22.3183515370907
16.81632019318704,25.60914227567949
16.769821588133162,25.05440704706808
17.38855430779711,25.58177654121153
16.120239081318225,27.529447326738744
17.936763189414332,22.083246713270018
16.321219534493554,26.215130963123872
16.253281782234463,25.16683170544155
16.633691223782666,25.95185302166993
15.572652599861357,27.36732973901122
18.616424856450678,22.18377676755668
16.89928412459576,25.325286675514114
17.09697233318348,24.093705135488477
16.297680974751064,25.221195176056252
16.727259025874027,25.885826341693065
16.030101691687594,25.998002138931227
17.92065100794158,24.471928128006578
17.93099508525959,23.16606802460473
15.591288592990361,28.257068553405876
16.65256368827659,25.91129518198339
17.248642617991663,25.3518821294239
17.625821735587987,21.78683645354811
16.29796583722074,26.116298636162774
15.821931459138787,24.653484715895875
16.64937934466453,26.43812780909139
17.83290583017141,24.24170095194576
16.828825266185415,24.046720974990443
16.699626348284227,23.16588347647998
17.389292621617148,23.810091948828813
17.064627123330062,24.203876867241046
19.182637465435047,21.13226333633364
16.77814751066663,26.442034051694254
16.969839349146927,23.217699218151548
15.211976561268497,23.69708969568865
17.045203021862356,23.420384496005695
16.665035818536122,27.956117303039278
16.574920442799066,23.53532385958663
16.204675127984192,26.003891658245486
17.34578026014085,25.45678367579788
16.140536115681368,26.743180382104583
17.327914213291166,25.768690338359487
14.91981599883126,26.036476733751947
17.157843204394382,23.35449994882089
16.05925067126694,25.065613435550635
17.191826616365045,23.821011319344667
16.092471151997717,25.169472752985794
16.2042357393189,27.426777577332114
17.507571118834978,25.38978006883295
18.27908863013129,22.311530890467985
17.08257185605497,25.806511632685247
16.337253976584307,24.738505207672286
17.660587182572613,24.927190607218268
18.30370329667728,24.658643878323197
17.673617306431026,25.137797073342032
18.16042943417045,24.172761936745353
17.580160915760725,24.08632077477968
16.719094964973007,26.34574428937242
16.058783991364635,26.08015058520405
16.556473741310313,25.622622339193263
16.08946950779244,25.549633817194042
18.389148320400473,23.20662315135443
16.53774916507256,26.642217760252002
17.188697494496594,24.53113417357771
15.814575741090867,26.514436990812843
17.715416525459002,23.815768423966375
17.32342385021969,23.816130788652757
16.031467636518297,28.184285715742323
17.23702570020465,24.189924938666373
17.988913737914068,24.335402471106388
16.01109855959086,26.613024492127007
17.075916632779673,24.20540739406821
18.344428173394533,22.456945338842818
17.74791559838097,25.105847362579375
16.532105971403404,22.74788607283977
16.03018531258269,27.55275138702672
16.608215399864164,22.535123931528844
17.728836352059535,23.888763102338125
17.462649199721724,22.656068928823345
17.58346367991119,24.99810235845951
17.502065391452305,22.754935055914732
15.594647766894159,27.256168569478724
17.45559818840837,23.618623234289434
16.848285353409455,22.80184685631663
16.73440094718521,25.763286771159585
18.76760260257316,21.47141123173985
17.635200520757916,24.772297334896752
17.93226699692376,24.20256898656952
16.792257368065624,24.944770706558955
17.223592841521498,23.80459838683149
15.305108536005504,28.36913599903892
16.877911617014334,24.735733138186525
16.43162966083426,24.576558713169256
15.841223709225133,26.21081263034773
17.377025772293283,24.461011627243217
16.669689934281585,27.22034887871888
18.107794431837565,22.79249375546774
16.864444450561223,24.358734377277045
16.86373523937027,25.591171370343485
16.742558046592524,26.348905381288418
16.209369435636305,25.286442232933297
16.9738588479375,23.691712842003884
16.03695978609966,25.976427463444143
17.445932518525638,24.523938961073824
16.04399285560645,24.5208230628585
17.79944288538067,24.215349175231374
16.556961782784473,25.561653964864796
16.405370915403342,23.023110421349067
17.281148899976035,24.592340845099155
18.01273921889703,24.148394572258848
16.82770382668185,28.134354554646915
19.05888580152198,22.007074532508366
17.110143990897765,23.944092752919882
16.588798102126677,25.17355089175501
17.09139586328275,23.455291491060756
15.911772563760323,26.127454215452598
17.19404419211979,24.553149748668634
16.976938002398345,25.69821868859977
18.110582202835296,22.002108639560742
17.64118551000543,22.33913902045322
19.325094119321157,21.66787893120247
17.865596055062074,23.254045732446222
15.830793302846903,29.997330979705737
16.191395002723382,24.444772878262846
16.899246550929785,25.367494234844138
18.199194780984453,23.397707183641458
18.265984677194307,20.775640563576935
15.966219167339199,25.553383156390783
18.04840484972346,24.723553073127427
15.928931113974105,26.15793176487316
16.67581873934588,24.233707221752574
17.54026198491958,24.17638998189465
17.053154497303634,24.536327897556575
18.610557337397495,21.856360025518253
16.207289951825583,24.233429498463796
15.006508981511269,27.802855910662593
18.557550525197776,23.09078820327416
17.01914179912218,23.14547278313331
18.32053350909745,24.849029080843707
18.662224769896333,22.682894519351322
17.76285930846646,22.743036710243377
17.148606010573207,23.40856334633395
16.555529610270412,26.589539361382194
18.581027043619113,22.20676568604551
17.46669033490293,22.18315843255803
16.646934533122952,22.975993390537063
16.869352264100716,24.453373444679883
17.83524318688549,22.69090593452256
16.970575303231364,27.275090197640512
17.29065526336122,25.159436935248408
17.09540078809571,24.525876749301382
17.289507008383353,23.671944589914947
16.73691539134395,23.342779662680126
18.049703481499368,22.460269054588085
17.432812209690255,24.830609709022017
17.5223981415771,22.975336768730727
17.539402562819504,23.754862460850372
18.0440321468703,21.85758565634411
18.17028589715932,24.52993207234134
17.697598097040398,22.83865993756161
17.846516961964223,23.259044928110107
17.46316890912403,24.291283737942404
18.613437021724828,22.570274947231248
17.317575597785154,24.242105582529593
16.969205550250482,25.587866520251048
18.758151359172047,22.767935053663777
15.837746421605017,30.68722822172207
17.222561443717318,23.84468564905532
18.38128245332373,23.574025588400456
16.15066361606238,26.00977198480863
18.587416190160518,22.869283090078362
16.967056741698983,24.20476560878704
18.245900806299304,23.938312667569008
17.40045039247034,25.334731139194886
18.05133810872135,22.45414094539366
16.959803880017656,25.374539708694215
18.74940237364719,20.257074508813677
17.002538904781076,23.956871291393455
17.118737392813514,24.137975917928813
16.78506073803039,24.924412835113568
18.31793286357725,23.516781233526544
17.15810333399117,23.596967984107962
15.245969720839877,27.91254704743026
17.05299952582744,23.092471225640583
16.24375105680066,24.324846477267727
18.10008576550138,25.419681421309402
17.54585809703678,22.872820408244205
18.327404449285233,22.832546156021333
16.961120017854064,24.180220192197204
16.382618120196902,26.406494824174334
17.598650656444896,24.546565709706034
18.720076510748243,22.227017722631704
16.965137281138226,25.576097778444574
16.501014612676045,26.8299609040972
17.41111049402376,23.151523574896558
17.587648798362018,25.02544892235843
17.210114045696503,24.38274948748505
16.806393156835522,26.560713772469004
16.42462781185352,24.103546017872695
18.493923350414306,24.191295192595646
17.315346126998257,22.776037372567973
17.129320358906888,21.997434501038803
16.569752726726552,26.10975756962913
17.90722967966884,22.030385365020067
16.23429730615317,27.400478828830316
16.52342360619364,24.961837587897335
17.48630907530659,24.30443061028083
16.09098348476916,26.546662897136773
17.18468898292282,24.6262412400985
18.703056574527615,22.797231818925358
17.543120944619766,22.99101990319642
17.354013877157296,25.120005739920703
17.855023338522745,24.070070032499462
16.46725096732324,26.568250166195952
15.976224669559299,24.9519408952418
17.989286925313838,25.270577627106913
18.047821793327305,21.52841229657211
16.695843665556332,24.333215936450827
17.92283388173076,21.54845530566521
17.66450842274831,24.049334057825778
17.669072832646542,23.345021380482144
16.86669197444167,23.472113023862626
17.3051539825881,24.514335311302528
16.960193022153447,24.504772140500766
17.426523945975784,23.112327259369803
16.971816059564524,23.407161659882114
17.42324426552939,25.61769776698038
16.43153131194379,24.698624880329643
17.449974677716135,23.889480964304212
18.95607437382513,22.17987719634965
18.495455717560382,23.061518700554608
15.59356682433434,25.16676839031813
17.183608913630867,24.187674029429356
19.769322708068806,19.77851302708723
17.121985105934364,21.952844343158944
17.498372048818812,20.864611005647667
17.005752216987453,24.961674059622045
17.445382038540203,23.484378710101893
16.923829887879275,26.35087797240917
16.433852624921567,27.781930585602
18.544924353733553,22.320985294000387
16.077138439790165,26.056542894337298
18.392206974293625,22.479946024161233
17.06552579315683,24.53915722953669
15.970248959735219,27.686527909265816
18.975115644181326,22.174594667475716
17.92732610018431,24.325755026011002
16.387659783911573,23.300358727840507
18.258660962540507,23.563101594613805
17.013531142279643,23.208196158437875
17.31937261855334,22.656251568319927
17.22129621773824,23.57545006893154
16.8433087542026,23.458822807058365
17.440887016645245,25.051359160158167
15.980468896862856,26.638464221017887
16.236692527289335,25.40276842859453
15.42670588031207,25.116039929010608
15.22337416019122,28.344323738599023
16.65150641993499,24.726527846039534
18.053941812879792,22.669987387155423
17.543854308623875,25.908551329512136
17.787000049130857,24.434660547612157
16.107364754638876,26.49318316479265
16.39294924859464,24.118418692513885
17.02555060533046,21.74861078402507
17.295924228845344,23.39676527360976
16.558788490286425,22.920052814106537
16.546495141688784,25.7225211308269
17.81301111379415,25.013333223639002
15.85885307155252,28.6740873884863
16.49537801038407,25.962461445174558
15.742194458422846,26.52383662799303
17.00570498937064,22.54925271704181
16.281855166431757,23.93206712272819
18.12743855713121,24.552873189747835
17.779284603284843,23.867422358489165
16.722977172018606,25.72958954965642
16.446703296682845,25.462214988354656
16.74797057422392,25.132713348634198
17.851714792041687,23.352397451589248
16.578150382309552,27.60849026630058
18.25486571074837,24.522853571800596
16.03172240368407,28.051160450560833
17.30572832072385,23.229715137425664
17.289557015735227,24.49757228685843
17.566008044534474,22.58607977101839
15.874467119339785,24.93649551411788
16.339356232928953,25.126737827919495
17.298517547474443,25.543136472700827
17.903582949404818,22.622991738223348
16.412372987391585,25.341694411021994
16.986335151046013,26.249535251692595
17.427635075230558,23.494288079133103
16.730553752932558,26.044728319282612
17.789404876795732,23.569565809319016
15.339445081650021,26.81563489254598
17.324764252349702,23.919843686133508
17.532939902738743,23.32896425969753
15.368198881781392,24.60902918385295
16.493368615142497,25.85627195224735
17.838039415039507,22.92205029841807
17.637897650761314,22.185226747483632
17.182366800042587,24.681581622422364
16.39009696993674,25.627980739757664
16.81309642890461,26.306394230088564
16.544897295213318,24.5473495705415
16.75133945316498,23.837695625728355
15.563588229898249,27.544016760603693
17.29470750165802,23.298898070493024
18.29056078756952,22.792621300452765
18.993423838102487,22.06088478006437
17.598764412213164,22.41402628888813
17.964749533701323,22.60307545523308
16.216252962378043,24.543896628174256
18.413461180754254,23.491398615031525
16.835330011729997,26.319450001860496
18.662431112718338,22.700958669201622
18.634115871382637,22.36299254043324
17.15268512816052,25.05134365852372
16.52925299363467,25.56185379705569
16.22763891199646,25.6033829554362
16.504966692212584,22.169925075793323
17.216086428218222,24.607792061331814
17.3979968265224,25.3664973589306
17.820333335645948,22.277491921069544
16.69783932884886,24.844786097353314
16.055182429782974,24.93758728451365
16.976435469538167,23.96831507027861
18.29793506162603,22.677071528307422
17.251819663692544,24.378442636455205
16.730596411506667,25.509267139510786
18.725426253766468,25.586671429252014
16.441612118820284,24.97569845657597
16.83001691396376,23.606141640901804
18.946664338563615,23.968935397481395
18.500908708819654,23.553918028980608
17.07811925266066,26.739532423960362
16.488178360738,26.19248020729314
16.806142273930707,23.918373145963194
15.09601332632521,31.67428098781547
17.95453066852267,22.944018179379032
15.889759487674162,24.73080831525055
19.260698179199863,21.260389923238087
15.733246704110439,26.905312248629325
16.345922501059988,25.463546624206725
17.631099167469362,24.2209864540897
15.767700336991577,27.353021217930966
16.475834227690964,25.253676785877232
18.056707674700526,26.261251343486116
16.73439261075804,23.933753972802272
17.102880479179333,23.398033225598237
17.399254485743008,23.80626594042116
17.613930710655254,25.143154065205067
17.843814702015656,23.684817317333188
16.864728145972762,23.69370454547205
18.691009733620543,22.95534120560745
18.29465999230006,24.414000592840445
16.999398603077445,25.022913624073006
17.177820506692456,22.10497957586601
14.79033212477607,31.32610396779394
17.90616420721253,22.07240094464726
17.87189876250962,22.405362658175413
17.0108591002957,25.193047876643476
17.544229419797443,24.971191737426967
16.877286147400273,23.721257724219136
17.6763870724531,24.075386163288634
16.998142978739168,23.320151971538976
18.765478906136455,22.29490663552446
18.2505378214856,24.561465166870594
15.80793684425323,27.726921820961216
17.59572266085577,24.170490919363314
17.10409646601119,25.90071331014939
15.897860157344992,27.13452675350183
16.8452335927308,23.98672062286647
16.90414544092333,25.135787975428205
16.977755207676157,29.859992982026952
17.925069871516968,24.944051220175293
16.31403975047852,25.86603901995744
17.009684645378748,23.68672205772249
17.69019706389706,22.287201504645836
17.095243609862997,24.57479422927452
18.069829545549748,22.392663003368643
17.805191714125986,24.576666618060777
17.906099195538843,23.35552074705583
17.81875007251969,21.59329401392208
16.312491473970578,25.38421704847756
16.881559527887436,24.090080973877395
15.855158091865299,28.35149983409579
15.617147756881062,25.39162368946495
16.98436590835702,25.561937984789964
16.764750671694227,24.944346651108056
17.083451561634625,22.46189776885212
17.824998866270917,24.544620193445787
17.57479050501799,26.99694097859837
16.579065483462642,24.73685712606408
18.365148415385644,23.283753913298245
17.928949255176427,24.516033472713275
18.2715235590477,23.0676330614552
17.862324082844708,25.25072370547354
16.599497567978087,25.8850149144939
16.757801537671867,25.137605732567476
17.201286121627398,23.598204151679838
16.45959310287405,25.268644385269564
17.53823559642555,23.81368520495623
17.335513674681152,23.573113536347797
17.020426733256357,24.32035907702404
17.323552875849643,25.250557128515943
16.343682923572544,27.676499962991695
16.67868149642348,26.62310265171567
17.532927849373475,24.207982240655383
16.308970437249645,26.191324881210758
17.431879537646463,23.71863903814945
17.964253426595803,24.909925017151117
18.430056107254522,23.91013996411367
16.64168772548313,25.710158550949167
16.949333505678748,25.12735959569506
16.906709732130892,27.80231720808434
17.011104946050764,23.688701280771284
15.81619011366838,24.535835675835052
19.501971490829312,22.825413750021983
16.80520135229368,24.77541843940465
16.848852940032753,27.661537112432825
15.105449700286075,30.308307007590567
16.60787415488288,25.36295773291284
16.99062627349849,27.247410575539874
16.84140427553353,24.82604744436405
17.553933744106125,22.772653167596875
16.07379033064139,24.492626710586546
15.325551839104175,26.063230064631355
18.063152391778967,22.182032127937447
16.365714130580734,24.6732710612638
17.624823297242845,24.799629478031573
18.669371140959576,24.301994946446115
17.088179458412007,22.301840703425654
16.735419791598684,27.31579628382465
17.991634943639887,22.81429026084295
16.87653875044723,24.747688017147667
17.10417795168895,26.33945013894434
16.462167687512267,27.36700266523626
18.92294375559985,23.937300363972703
18.245335144647846,24.524405616514027
16.207740746930583,25.141419550975247
17.892381922510527,24.752564745673165
16.512953633516187,25.477838603096448
17.54348047573845,22.821815644007156
16.552011485097434,26.12879124209832
16.9690728745129,25.79428424409569
18.02426096512568,23.69644151395092
18.068450065429953,22.335555941147234
18.393575458457146,23.064816453102647
17.12494149806856,24.125124383965808
16.920004739236884,25.240736431132998
17.0438680230676,23.36785698749462
17.048643541206445,24.469144914343204
16.84078107153534,24.457989223704583
15.957332121247903,26.46683586933664
17.235189245000136,25.488903756083396
18.532654995150978,22.258714317451066
15.652528925713693,25.407038593800454
19.276129444076208,21.834076040604117
18.201026816761484,24.245197493369826
17.412578177247322,22.7570795178625
17.219023345316252,22.8401321493403
17.92927428660054,24.35880413523716
17.316279979267257,27.28676904734374
17.609014451215835,23.76865460409405
16.98560851505932,25.095818455720305
16.859956067079153,23.533173995399057
17.673799369936958,24.392389957398837
17.180246562333863,24.340915729250153
16.291034882618156,25.004908037595357
18.535834614295723,22.253312645054272
18.43974572587946,21.92617585231944
16.888013084516707,25.98594338573997
17.99889244913867,25.08594696915031
17.698019938455236,23.465964445141225
18.060818307765025,22.27561123002732
16.580904914254432,26.37119003277959
17.785615290278976,24.56524618334908
17.399205825445318,24.526221827412208
17.18431219984385,25.846075619069726
17.462512521736283,21.64262135646025
16.358364443224406,29.480373629215876
16.835460409317495,25.303174012445623
16.807487526378704,26.018667907874338
17.67192777387957,24.30467834086868
16.203951174421725,27.753570453527686
17.332177980022635,25.724118667288742
18.3161687815229,23.88667418627988
17.42444132798196,24.088137436489806
16.986318875361217,24.208880040876085
17.1272513470895,26.439038240481178
16.689666666788668,24.735636148802808
17.336788003858633,25.176490340769007
18.4679639070724,22.601353960026273
17.056120923795937,24.590452996135962
16.27300329584946,29.852718038904975
16.90400515400643,22.46296592455348
18.091681546701526,25.055937553969432
17.16543971793751,22.322456817341696
16.427202956861976,26.760935551875384
15.542640673910066,27.22008398214261
17.853435810696734,23.10940058540347
18.429134619303206,21.956975164278006
16.84289112822431,27.95984360604815
16.845623134475787,24.912678091641876
16.121661399524733,27.907692002823357
18.701997758656415,22.480290024907006
17.190268037134192,23.4147413263841
17.110861829380834,23.9821791654535
17.857999712609764,21.572991346413332
17.493560383479085,24.836710771383352
17.180631799596142,21.870033135568228
15.730481162941743,26.187797766256736
16.71401213015614,23.94932660965891
16.017051959472145,29.106645517236444
17.780516214086767,22.391371812740225
17.41668746175946,23.217017674201998
15.915631776609725,25.246759011845278
18.12439538789494,22.715674580775357
16.646938145721926,23.565124008905638
17.238688557668553,23.128631357198042
17.09833601898209,26.02945301251958
19.001366364771883,21.400642718675815
15.872609917828296,24.85473899086513
15.217782837365775,28.228846853399222
16.177177694459846,28.114877708454586
16.885312193805923,23.651179967413423
17.828712384683456,23.921362031417452
17.034652321375617,22.343720737734266
16.55055592455985,24.30723597087914
17.306366660747575,25.712538547616298
17.894222936877892,24.010271769582847
16.447349738116852,24.859873930877797
18.566494403686427,20.446013378274582
18.689062555006785,23.705002643044377
19.031036419244224,21.851694879370445
16.938101949315453,24.274653233749458
16.845869632630883,25.652159272593362
16.593012898894397,25.025878935418422
18.353212599626673,21.735215284068452
18.347986223004543,23.794765765691135
17.665000550872485,23.225066045437053
17.651180093950117,20.53035399009535
17.30242762368622,26.383237414253294
15.350437136001934,27.644252421439194
17.82369243835455,24.209118971280844
18.165398757754087,24.432248419658894
17.60550489804805,25.238401917958694
16.57220616218392,24.77986862645279
17.52077902440274,23.374226426070738
18.064146199607094,23.42214533664951
17.35926306152548,24.44876214190716
17.467678318172364,24.37205984744982
16.873814505780576,26.3498987042368
16.026586437854448,26.208957806391872
16.56570492675226,28.546511561556876
17.381904572291948,23.59828235294
16.295648451471045,26.482885588137712
17.29461559254559,22.14645608494847
18.12210308941969,22.541569352966782
18.495807375112282,23.590995941431345
18.14109264861307,24.362858375429173
17.24785456031413,25.307462696239128
17.066196973228994,24.40595503691295
16.890938895576035,23.65958697089998
18.309320332778977,23.092264006558906
16.000056571312943,25.68528039073651
18.59908229354634,24.999474705542394
15.980222969583998,24.554098671216263
17.305048189281084,24.35911212928346
17.587097055277347,23.789832875401384
15.605844743222615,28.013911089190227
17.270543228250883,24.32390039757798
17.91165032965163,23.657453008842378
17.689878558870358,22.74437516706481
17.339400405571407,23.266182605915713
16.8797316167686,23.28339511879063
16.65724998281452,26.237465454821923
18.18420935411349,22.510009649873844
16.936695631699617,26.27943316647735
16.439681049559887,24.460634034247388
15.595393697134295,29.076277177210006
17.76770159240685,20.764807740813126
16.6770375459005,23.35351326132787
16.64099330075551,24.10531161351969
16.651029535182097,26.578167047374937
18.085777900798348,24.1354163043083
15.84138141573756,25.913367647849213
18.201093205809947,23.42346793514815
16.731586258358845,29.312139465871837
18.1459445135053,23.06477860199335
16.518556700254276,26.082064246445945
17.04180613066924,25.69565221219361
19.592086249078253,20.937630415741825
16.930318621835738,25.04091717556659
18.348636782188535,21.931467277944353
17.400649796951427,25.43946715848764
17.591218092784057,21.310152263244344
18.60285340876503,23.878844382485763
16.512722296307306,24.675389242328862
18.287141043808862,23.093764722974132
16.896895094295736,23.234124033465104
16.80867316706114,25.614544694031437
16.841214138540604,25.076927945144163
16.93175521324582,25.93937911582362
16.031981298480275,27.89502591788772
17.720668232244652,24.530577264175918
16.73405978274395,24.98360073581898
17.559815471114835,23.060234882919143
16.889736051607198,24.935430306584234
16.99922454195211,25.470234020518205
16.571723626838597,25.552329804155168
16.977265627715052,25.060628239003986
18.34263873362073,23.95411023595036
15.422586152074548,29.689794649755072
17.066366439046472,23.579123140862244
16.066171824269176,27.34606150842624
17.168178354352865,23.959466051040845
15.74223080086317,26.362426940999477
16.0499941681512,24.0877013161597
18.102211154347142,22.933056308436882
15.412838436524023,29.04633399922213
18.012211965649588,22.215070059110108
16.852735575307054,25.23173475726934
16.01251901552299,23.940349698009378
16.275359510377452,23.634888043738613
16.977754505946997,28.36485270827003
15.350988849534767,26.0711373461308
18.568276860185637,23.533038909682883
17.576197191265464,22.82771111776279
17.249950159365355,24.091089680698136
16.692667455543397,25.934044531371473
17.451090817098763,25.853909246935764
17.196725202807407,26.000259240576757
16.618619159871997,23.446178997377345
16.674129723192298,24.41479769939719
17.938440197694625,23.370818840001874
16.04748767989393,28.08666989247593
18.38156252366101,21.900984326678255
16.942289518648593,27.68113658637792
16.26534191847419,23.37044593029751
17.007037987126132,23.7082784676948
16.546792380968498,23.679110194198994
18.384115771999085,22.87762161789553
18.032653809641864,23.086102330657013
17.455729797848033,23.389921388404566
18.153852012715458,24.093518524544052
17.09538055408735,25.769885276020588
17.25806609847517,24.404494457237377
16.94295333661625,26.8912353929801
17.29699835879045,21.403439305073896
16.590405699607555,24.689997776922556
17.540886566742493,25.59328561746599
15.761121161097646,25.579503796695693
16.350619190919446,23.64360737377709
17.704210512101476,22.170774332542383
15.999115000448707,23.81312652062096
16.631571275878837,25.27512129692853
16.914007476819013,24.291808936687413
16.650837952825288,26.463134452193888
16.646491709120003,25.543499961343585
16.05541996161862,25.53303521195963
17.212120599005146,25.28389033740626
16.165979094821335,25.26404853537179
18.438901117722164,23.869317803136052
15.655693704619122,26.029235349874583
17.824834786234298,24.367773894872382
17.387929353378084,25.312383897512234
19.169411200135436,22.265271367473535
15.918784107612893,27.390566527766495
16.007596540843668,26.11825552633
15.410638244368934,24.225667975658265
16.451986752156934,25.27757418568426
16.329596020895586,24.085473466212633
17.393491056118712,22.30782140572993
16.186139791491232,27.648248170364067
18.043451592183526,26.101875193413328
16.15491442925243,28.101304091395654
16.264445305714627,25.042054634603282
17.19834446656221,24.952419236246126
17.98209310935427,23.797300602256062
17.195146574137596,25.526313381805238
16.894085151206866,25.36640333418679
17.36550556702084,25.085933288281556
19.019319549684024,21.729541437622682
17.428855865313857,24.442320556169918
